"Status","Name","Duration in ms","Description"
"failed","com.beacon.test.AppTestDeviceTwo.add_Incident_Report","100557","Add Incident Report"
"failed","com.beacon.test.AppTestDeviceTwo.add_Incident_Report","97433","Add Incident Report"
"passed","com.beacon.test.AppTestDeviceTwo.add_Incident_Report","53958","Add Incident Report"
"passed","com.beacon.test.AppTestDeviceTwo.add_Incident_Report","55147","Add Incident Report"
"passed","com.beacon.test.AppTestDeviceTwo.add_Incident_Report","62566","Add Incident Report"
"passed","com.beacon.test.AppTestDeviceTwo.add_Incident_Report","54055","Add Incident Report"
"passed","com.beacon.test.AppTestDeviceTwo.add_Incident_Report","58812","Add Incident Report"
"passed","com.beacon.test.AppTestDeviceTwo.add_Incident_Report","56671","Add Incident Report"
"passed","com.beacon.test.AppTestDeviceTwo.add_Incident_Report","54828","Add Incident Report"
"passed","com.beacon.test.AppTestDeviceTwo.add_Incident_Report","54909","Add Incident Report"
"passed","com.beacon.test.AppTestDeviceTwo.add_Incident_Report","55427","Add Incident Report"
"failed","com.beacon.test.AppTestDeviceTwo.add_Incident_Report","79592","Add Incident Report"
"passed","com.beacon.test.AppTestDeviceTwo.add_Incident_Report","55765","Add Incident Report"
"passed","com.beacon.test.AppTestDeviceTwo.add_Incident_Report","54517","Add Incident Report"
"passed","com.beacon.test.AppTestDeviceTwo.add_Incident_Report","53919","Add Incident Report"
"passed","com.beacon.test.AppTestDeviceTwo.add_Incident_Report","57144","Add Incident Report"
"failed","com.beacon.test.AppTestDeviceTwo.add_Incident_Report","76919","Add Incident Report"
"passed","com.beacon.test.AppTestDeviceTwo.add_Incident_Report","58405","Add Incident Report"
"passed","com.beacon.test.AppTestDeviceTwo.add_Incident_Report","59148","Add Incident Report"
"failed","com.beacon.test.AppTestDeviceTwo.add_Incident_Report","101516","Add Incident Report"
"passed","com.beacon.test.AppTestDeviceTwo.add_Incident_Report","55149","Add Incident Report"
"passed","com.beacon.test.AppTestDeviceTwo.add_Incident_Report","54319","Add Incident Report"
"passed","com.beacon.test.AppTestDeviceTwo.add_Incident_Report","54205","Add Incident Report"
"passed","com.beacon.test.AppTestDeviceTwo.add_Incident_Report","55618","Add Incident Report"
"passed","com.beacon.test.AppTestDeviceTwo.add_Incident_Report","55151","Add Incident Report"
"passed","com.beacon.test.AppTestDeviceTwo.add_Incident_Report","54022","Add Incident Report"
"passed","com.beacon.test.AppTestDeviceTwo.add_Incident_Report","53960","Add Incident Report"
"passed","com.beacon.test.AppTestDeviceTwo.add_Incident_Report","56168","Add Incident Report"
"passed","com.beacon.test.AppTestDeviceTwo.add_Incident_Report","55073","Add Incident Report"
"passed","com.beacon.test.AppTestDeviceTwo.add_Incident_Report","54988","Add Incident Report"
"passed","com.beacon.test.AppTestDeviceTwo.add_Incident_Report","54643","Add Incident Report"
"passed","com.beacon.test.AppTestDeviceTwo.add_Incident_Report","57682","Add Incident Report"
"passed","com.beacon.test.AppTestDeviceTwo.add_Incident_Report","54781","Add Incident Report"
"passed","com.beacon.test.AppTestDeviceTwo.add_Incident_Report","58951","Add Incident Report"
"passed","com.beacon.test.AppTestDeviceTwo.add_Incident_Report","54976","Add Incident Report"
"broken","com.beacon.test.AppTestDeviceTwo.add_Incident_Report","76293","Add Incident Report"
"passed","com.beacon.test.AppTestDeviceTwo.add_Incident_Report","54376","Add Incident Report"
"failed","com.beacon.test.AppTestDeviceTwo.add_Incident_Report","134359","Add Incident Report"
"passed","com.beacon.test.AppTestDeviceTwo.add_Incident_Report","59264","Add Incident Report"
"passed","com.beacon.test.AppTestDeviceTwo.add_Incident_Report","55417","Add Incident Report"
"passed","com.beacon.test.AppTestDeviceTwo.add_Incident_Report","53660","Add Incident Report"
"passed","com.beacon.test.AppTestDeviceTwo.add_Incident_Report","55376","Add Incident Report"
"passed","com.beacon.test.AppTestDeviceTwo.add_Incident_Report","54972","Add Incident Report"
"failed","com.beacon.test.AppTestDeviceTwo.add_Incident_Report","88772","Add Incident Report"
"failed","com.beacon.test.AppTestDeviceTwo.add_Incident_Report","47774","Add Incident Report"
"passed","com.beacon.test.AppTestDeviceTwo.add_Incident_Report","55030","Add Incident Report"
"passed","com.beacon.test.AppTestDeviceTwo.add_Incident_Report","55513","Add Incident Report"
"passed","com.beacon.test.AppTestDeviceTwo.add_Incident_Report","54488","Add Incident Report"
"passed","com.beacon.test.AppTestDeviceTwo.add_Incident_Report","54220","Add Incident Report"
"passed","com.beacon.test.AppTestDeviceTwo.add_Incident_Report","60560","Add Incident Report"
